model,metric,mean,median,std,count
Defected,chamfer,0.013160612815171837,0.010224479716271162,0.011860806167823748,25820
Defected,dcd,0.00417565725445817,0.0038539243396371603,0.0020528182328392237,25820
Defected,hausdorff,0.46922908169927985,0.46719682216644287,0.17282016201954356,25820
pointr,chamfer,0.0003360360358503123,0.00022720231936546043,0.00041131219172133135,25820
pointr,dcd,0.03338089187648999,0.030182919465005398,0.015910089841194096,25820
pointr,hausdorff,0.15767492126279578,0.12909334897994995,0.09827046779510455,25820
