{
	"class_name" : "PinholeCameraParameters",
	"extrinsic" : 
	[
		0.80684482622848719,
		0.17219803999390007,
		0.56510995515083762,
		0.0,
		-0.38161971099742825,
		-0.57828608336028253,
		0.72107669631604654,
		0.0,
		0.45096321642298265,
		-0.79745409950296431,
		-0.40087296818238383,
		0.0,
		0.056317711496252421,
		0.065374877678167437,
		0.13442664916156385,
		1.0
	],
	"intrinsic" : 
	{
		"height" : 1080,
		"intrinsic_matrix" : 
		[
			935.30743608719376,
			0.0,
			0.0,
			0.0,
			935.30743608719376,
			0.0,
			959.5,
			539.5,
			1.0
		],
		"width" : 1920
	},
	"version_major" : 1,
	"version_minor" : 0
}