model,metric,mean,median,std,count
pointr,original_preserved_vs_current_preserved_chamfer,6.44554384087734e-05,4.983320104656741e-05,5.4459071407209676e-05,260
pointr,original_preserved_vs_current_preserved_dcd,0.007387118393000072,0.006945554632693529,0.002895654095043329,260
pointr,original_preserved_vs_current_preserved_hausdorff,0.13242312767184697,0.09893778711557388,0.09942082613788147,260
pointr,repaired_target_vs_current_repaired_chamfer,0.004797840815221067,0.0021353979827836156,0.0061988339212538995,260
pointr,repaired_target_vs_current_repaired_dcd,0.11979932710528374,0.118666160851717,0.05092174459116314,260
pointr,repaired_target_vs_current_repaired_hausdorff,0.5817999090999365,0.5855391025543213,0.3447527979874589,260
