model,metric,mean,median,std,count
Defected,chamfer,0.01329209734428262,0.01034890254959464,0.011182494602470009,260
Defected,dcd,0.0040942284750389475,0.0038772717816755176,0.001812760989332316,260
Defected,hausdorff,0.47234912640773336,0.47394125163555145,0.16047649452760634,260
pointr,chamfer,0.0003633536648731724,0.00022244537103688344,0.0004776210050462874,260
pointr,dcd,0.034504059985136754,0.03190559335052967,0.016850809468305635,260
pointr,hausdorff,0.16551476383151917,0.12876173108816147,0.109395298481715,260
