model,metric,mean,median,std,count
Defected,chamfer,0.039786810355589175,0.03360714204609394,0.028116228001079695,4726
Defected,fscore,0.36996953146807277,0.30984918773174286,0.15316682339850682,4726
Defected,hausdorff,0.6519445925083924,0.6658667027950287,0.1758400446824359,4726
PCN,chamfer,0.005425685663174424,0.003824588842689991,0.005104699116071813,4726
PCN,fscore,0.020395064040247178,0.013547050766646862,0.024852171981900338,4726
PCN,hausdorff,0.3070499655332257,0.2883232533931732,0.143046767061893,4726
