Chamfer,HD95,F1@1%,NN_Variance
0.0009003267623484135,0.001852060086093843,0.9923315644264221,1.5508041428802244e-07
