model,metric,mean,median,std,count
Defected,chamfer,0.03991261185504918,0.03338692523539066,0.029789560480926746,25820
Defected,fscore,0.3721819692352638,0.3126612901687622,0.15190803228293484,25820
Defected,hausdorff,0.6433255548047163,0.6571825444698334,0.18624240759760555,25820
PCN,chamfer,0.0016668639777035804,0.0011930150794796646,0.0019565263655684836,25820
PCN,fscore,0.044063395184151304,0.027207989245653152,0.04875373253466149,25820
PCN,hausdorff,0.17260791960523675,0.153962142765522,0.08657181283457997,25820
