model,metric,mean,median,std,count
Defected,chamfer,0.03991261185504918,0.03338692523539066,0.029789560480926746,25820
Defected,fscore,0.3721819692352638,0.3126612901687622,0.15190803228293484,25820
Defected,hausdorff,0.6433255548047163,0.6571825444698334,0.18624240759760555,25820
PoinTr,chamfer,0.0006876449070521089,0.00047467488911934197,0.0008243573966204905,25820
PoinTr,fscore,0.2563339660263034,0.21423468738794327,0.10676153618334923,25820
PoinTr,hausdorff,0.18033445781597465,0.15549778193235397,0.10342060649111011,25820
