model,metric,mean,median,std,count
Defected,chamfer,0.03991261185504918,0.03338692523539066,0.029789560480926746,25820
Defected,fscore,0.3721819692352638,0.3126612901687622,0.15190803228293484,25820
Defected,hausdorff,0.6433255548047163,0.6571825444698334,0.18624240759760555,25820
PoinTr,chamfer,0.00065082916225637,0.0004490051796892658,0.0007971771778440604,25820
PoinTr,fscore,0.27231326057243077,0.22950367629528046,0.11095393735607928,25820
PoinTr,hausdorff,0.178035849157438,0.15228703618049622,0.10266283148587287,25820
