model,metric,mean,median,std,count
Defected,chamfer,0.039786810355589175,0.03360714204609394,0.028116228001079695,4726
Defected,fscore,0.36996953146807277,0.30984918773174286,0.15316682339850682,4726
Defected,hausdorff,0.6519445925083924,0.6658667027950287,0.1758400446824359,4726
PoinTr,chamfer,0.002280365745931726,0.001314256340265274,0.0030739260073208894,4726
PoinTr,fscore,0.2591324041404817,0.21865960955619812,0.10902217117325683,4726
PoinTr,hausdorff,0.2975457962527493,0.2781834900379181,0.14479487194015553,4726
