model,metric,mean,median,std,count
Defected,chamfer,0.01329209734428262,0.01034890254959464,0.011182494602470009,260
Defected,dcd,0.0040942284750389475,0.0038772717816755176,0.001812760989332316,260
Defected,hausdorff,0.47234912640773336,0.47394125163555145,0.16047649452760634,260
pcn,chamfer,0.0011302397375402506,0.0008884675044100732,0.000918184504074929,260
pcn,dcd,0.1293023561199124,0.12351392209529877,0.05373647179629453,260
pcn,hausdorff,0.1448744178104859,0.13494305312633514,0.06754357256941834,260
