model,metric,mean,median,std,count
pcn,original_preserved_vs_current_preserved_chamfer,0.0009853287724511644,0.000806035561254248,0.0007200798368560807,260
pcn,original_preserved_vs_current_preserved_dcd,0.12703315453747144,0.12174304574728012,0.05406747014462715,260
pcn,original_preserved_vs_current_preserved_hausdorff,0.13140332784073858,0.1222229115664959,0.05815037352566925,260
pcn,repaired_target_vs_current_repaired_chamfer,0.001889493069645071,0.0010763418395072222,0.0025070464212437107,260
pcn,repaired_target_vs_current_repaired_dcd,0.14546608841763092,0.14074940234422684,0.058322800314418805,260
pcn,repaired_target_vs_current_repaired_hausdorff,0.19772048400571712,0.12803570926189423,0.1955381748244223,260
