model,metric,mean,median,std,count
Defected,chamfer,0.013160612815171837,0.010224479716271162,0.011860806167823748,25820
Defected,dcd,0.00417565725445817,0.0038539243396371603,0.0020528182328392237,25820
Defected,hausdorff,0.46922908169927985,0.46719682216644287,0.17282016201954356,25820
pcn,chamfer,0.001083876499889049,0.0008864033734425902,0.0009202494422849111,25820
pcn,dcd,0.12665814320447888,0.12255040928721428,0.05261669599505783,25820
pcn,hausdorff,0.14376802453987653,0.12979791313409805,0.07166894226938778,25820
