model,metric,mean,median,std,count
adapointr,original_preserved_vs_current_preserved_chamfer,0.0014357254524768974,0.0011582383303903043,0.0011654112983906582,260
adapointr,original_preserved_vs_current_preserved_dcd,0.1191787392903979,0.11534209549427032,0.03237350154372005,260
adapointr,original_preserved_vs_current_preserved_hausdorff,0.189968870078715,0.16424333304166794,0.10055679854478747,260
adapointr,repaired_target_vs_current_repaired_chamfer,0.005466053499437224,0.0032263423781841993,0.0066996466104465085,260
adapointr,repaired_target_vs_current_repaired_dcd,0.15007524547668605,0.14828962087631226,0.03470736193178487,260
adapointr,repaired_target_vs_current_repaired_hausdorff,0.2676863555151683,0.1941564455628395,0.21350405763127658,260
