model,metric,mean,median,std,count
Defected,chamfer,0.01329209734428262,0.01034890254959464,0.011182494602470009,260
Defected,dcd,0.0040942284750389475,0.0038772717816755176,0.001812760989332316,260
Defected,hausdorff,0.47234912640773336,0.47394125163555145,0.16047649452760634,260
adapointr,chamfer,0.0021302102257882674,0.0016427889931946993,0.001755742154444514,260
adapointr,dcd,0.12208049684189833,0.12092019617557526,0.031974719440232245,260
adapointr,hausdorff,0.219720511797529,0.20044514536857605,0.10346510757248181,260
